{
  "val": 0.9055402327026,
  "val_utr_holdout": 0.365291756512679,
  "val_cell_holdout": 0.8481677111343097,
  "val_utr_x_cell_holdout": 0.40746977406250684
}